{"params":{"toneK":0.08832681,"satGain":0.8192152,"palette":0.85406727,"dyeDecay":0.82925725,"viewMode":0,"mouseDye":6,"cohesion":0.10661251,"forceGain":1.6928587,"bloomStrength":0.6,"pointAlpha":0.052379534,"swim":0.076365694,"sensorAngle":0.2783874,"mutationStrength":0.9638538,"speedGain":0,"mouseForce":0.18145254,"fluidPull":8.178851,"velDamp":0.9928548,"sensorDist":0.06450786,"vortScale":11.291985,"mouseRadius":0.045,"turn":0.5753256,"senseScale":4.195669,"pointSize":1.1502266},"rule":[1.7858377,-0.5968952,1.040528,1.6635578,-0.20514417,0.53600526,-0.62994576,0.7204747,0.36561728,-0.049399376,-1.2445178,-0.8176799,-1.3711514,-1.5368831,-0.11494732,-1.0027075,0.3701191,-0.0891161,-1.3992445,1.9887693,1.4303625,1.7575309,1.0269175,1.5420759,-1.8019133,1.6011279,0.3110373,1.5505624,-1.948669,0.5578828,-0.31589103,-0.6576259,-1.3207986,-1.9785037,-0.49210668,0.22106814,-1.2852387,1.5848198,1.3976123,0.6740544,-0.27527356,-0.15102327,0.35815465,-0.7667366,-0.41624308,0.28180242,-0.85786307,0.5596473,-0.15934896,-0.7218096,-0.7764293,0.15676224,-0.07649958,-0.8920753,0.8419173,0.2913357,0.19194996,-0.049037576,0.2662245,0.8298681,-0.23803914,-0.73196566,0.015069246,-0.44836795,0.9414598,-0.079980135,0.69776034,-0.8524848,-0.5823628,0.060850263,0.42059338,0.72118556,0.14099324,0.522019,-0.8744135,-0.6250076,0.35641778,-0.7210696,0.64910305,-0.6406822,0.86255455,-0.6512809,0.35338926,1.7397001,-0.13543463,1.6631849,-1.0313694,-0.9845171,0.36471033,-1.7239218,0.80952835,1.9318266,1.4508739,-0.37390327,0.026966572,-0.49456286,-1.0731232,1.5141819,1.7734001,0.9867511,-1.17115,0.40325713,-0.5793004,1.3336809,-1.1633792,1.9127254,0.34499264,-1.3597939,-0.04886961,-1.0938118,0.62392163,0.51396775,1.6604424,1.6158414,0.5085242,0.26662612,1.5484486,1.6035881,1.9790361,0.9996226,-0.6211947,0.88026834,0.47702992,0.82565176,0.4065802,-0.13640118,0.24275386,-0.14823854,-0.99244654,-0.2875725,0.16072834,-0.061872125,-0.7165159,-0.012204289,-0.22423828,0.20772064,-0.75435615,-0.6765125,0.4255383,0.70777667,-0.5448297,0.17200875,-0.1858288,-0.3613695,-0.25893724,-0.4710431,-0.0751338,0.8460728,0.6976571,-0.83380103,0.41367745,-0.6832856,-0.8845178,0.017116189,0.90164304,0.16541934,0.20237017,0.6414124,0.025128841,0.90531373,0.15064001,-0.8420162,-1.2947288,1.9203839,1.5632477,1.3166757,-0.20148444,-0.6746719,-1.9866307,1.7046974,-1.8739877,0.20345521,1.3188488,-0.6816149,-0.9287555,0.1047883,-0.7177055,1.2397094,-0.29712105,-0.16984272,1.157629,-1.7179844,-0.92336464,1.337096,-1.6792243,0.40866566,1.1178634,-0.30487108,-0.41054153,0.46571708,1.0763402,-0.41148114,-0.9551828,-0.9152014,-0.4180112,-1.0046883,-0.28688025,0.36853838,-1.0856769,-0.604805,-0.86891925,-0.071534514,0.01542449,0.99328935,-0.7347765,0.7988795,-0.6709819,0.39975023,-0.4864955,-0.9232503,0.95184827,-0.23758185,0.22713721,0.9105654,-0.86749744,-0.1554749,0.18020225,-0.26730037,-0.71173215,-0.5243468,0.86682,-0.5738872,-0.34162068,0.6192424,0.2132169,0.20647526,-0.92516434,-0.7559092,0.62930477,-0.15744293,0.54395425,0.30520654,0.31015313,0.46833706,-0.18119967,0.47174,0.23684835,-0.63050175,-0.5510181,0.58475924,0.31503463,-0.43954182,0.87802744,-1.1048961,-1.252538,-1.9339006,0.25725484,-1.9933715,-0.19640088,0.32837677,-1.6867096,1.157522,-1.9714792,1.7270529,0.045253992,0.009694576,-1.9571984,-1.4182076,-1.6270313,1.1736565,1.3286033,-0.14333344,-1.5194225,1.2779274,1.5688043,-1.3486526,1.7780185,1.0461805,0.63795614,-0.469949,-1.5685749,-1.8381214,-0.78683996,0.8631606,0.34840655,1.7818849,-0.66701794,1.8049135,1.787308,1.8578804,-0.6714672,-0.4963392,-0.055015683,0.82852197,0.7045113,-0.4439193,0.62049603,0.18361092,-0.43948793,-0.31807816,0.6021116,-0.611382,0.29886246,-0.40239727,-0.7869961,-0.49239182,0.4606831,-0.9517218,-0.29871762,-0.5901693,-0.52285147,-0.70698774,-0.044427514,-0.8197901,-0.82481396,0.5358734,-0.11873281,0.23634887,0.093052864,-0.070264935,-0.4591248,-0.9840416,0.42273355,-0.14002621,-0.8832927,-0.42054427,-0.33391094,-0.7600659,-0.49235547,-0.31501055,0.33351874,-0.92473745,1.1452982,-1.7202218,-1.7454207,-1.3876376,-0.19019318,0.76002383,-1.3916457,-1.7753437,0.19421625,1.7935326,0.3431921,-1.5109551,1.0439856,-1.9742477,1.8631146,-1.3440967,-0.6843374,0.7802732,0.79136515,0.38958502,1.7794766,-1.1684847,1.0876911,-0.6978121,-1.3832381,-1.7943642,1.7843821,-1.7833352,-0.7602725,-1.5190027,0.34458017,-0.8262348,-0.44969726,0.10314059,-0.5293968,0.6290448,-1.9277999,-1.273906,-0.88514864,0.16144204,0.30466807,0.97237265,-0.30890024,0.4315095,0.42759323,-0.7714646,-0.79834366,-0.8250675,-0.9915155,-0.85195565,-0.8577448,-0.2760588,0.45534527,-0.5657103,0.5975566,0.24163914,-0.4170183,0.09560287,-0.44324327,0.5509163,0.75176084,0.7698426,0.6584302,-0.41778135,0.8462373,0.5244185,0.4720348,0.28093207,0.74037826,-0.8566693,-0.040273666,-0.9635359,-0.8911501,0.49311686,-0.93528175,-0.80669975,0.30775774,0.22644532,-1.5939326,-1.8712361,-1.5155821,-1.2198594,1.4919293,-1.7276571,1.196038,1.0869787,-1.2699063,-0.6830809,-1.2377226,1.0700464,0.6480727,-0.12198329,-0.46347404,-0.41761708,1.4388258,-0.472826,1.5971625,-1.408787,-0.95040655,0.7471638,-0.7588315,-1.4880083,0.043901443,-1.4086442,0.967427,-0.9784548,0.119243145,-0.15303922,-1.2442105,-1.6043642,0.8574939,-1.3556931,0.28277516,1.1089056,1.4871056,0.5530722,-0.9761214,-1.8661222,0.5498481,0.49407184,-0.8387053,0.8149946,0.47205973,0.8245516,0.49840927,-0.36560154,-0.95773995,-0.95976055,-0.57855487,0.57071495,0.7871858,0.5309224,0.82112,-0.096624374,-0.68432915,-0.8401592,-0.3041557,0.016592264,0.6144991,-0.02248013,0.6818682,-0.84586287,0.31481493,0.61386466,-0.35241628,-0.33881056,-0.9201126,0.43103826,-0.14646184,0.5478058,-0.9095777,0.25102973,0.9785489,0.9190656,0.2808243,-0.3923552,0.55003774,0.5776179,-1.5641508,1.975364,0.6013689,-0.6683066,1.1391554,1.6722779,-1.7044373,-0.38539958,-0.79349613,0.07122254,-1.0064147,-0.06507349,-1.614701,-1.7135746,-0.4491179,0.658041,-0.6152785,-0.049412966,1.7565017,1.6969364,-0.9042127,-1.2754288,-0.9373572,-1.3642101,1.2809434,1.1937158,0.4137137,0.7797682,1.7624023,1.4189613,-0.7049067,-1.2609603,1.1213591,0.10955596,-1.4605277,-0.22574878,0.44800568,0.7292204,1.9804385,1.9061286,0.7621367,0.792742,-0.87493265,0.56035125,-0.7188628,-0.41228092,0.40308154,0.3665099,0.30590856,0.7868626,0.21354401,0.80379355,-0.76272166,0.24656844,0.5577779,-0.036595583,0.93167436,-0.86269534,0.8151492,0.29865074,-0.8516114,0.37940717,0.012289405,-0.30437064,-0.6302581,0.09984851,0.74507713,-0.10084903,0.6632017,-0.59434307,0.6124021,-0.8387531,0.34130204,0.22469532,0.12943745,-0.45271742,-0.9624599,0.78916705,-0.5700259,0.7331108,0.34267855,-0.093806505,-1.101305,-0.88265944,-1.3874974,-1.8377237,0.3099749,0.8109994,0.61384344,1.9798014,1.4518402,-0.6357837,-1.2090626,-1.021786,-1.1653483,1.5600526,-1.214433,-0.7795286,1.7929199,-0.5342202,0.1076138,1.2291934,1.7225382,-0.44145703,1.8065591,-0.13954568,0.23310375,-1.4179938,-1.4863558,0.099671125,1.0316193,0.7966707,0.3014729,-1.1634767,-0.19474912,1.5283079,-0.992079,-1.5927761,-1.868458,1.4137778,-0.44571173,-4.029274e-05,-0.31222212,0.4829837,-0.009329438,0.032235265,0.27287114,0.48234344,0.1246686,0.08313775,-0.37469935,-0.51685286,0.16085076,0.12996507,0.29117274,-0.5273371,-0.12045491,-0.5283061,0.7030115,0.93028116,0.17886853,-0.93380976,0.07413232,0.88868785,0.1140579,-0.585855,-0.08862007,-0.21204555,-0.56987333,0.79659224,-0.751578,-0.6018542,-0.3172543,0.4581597,0.7972486,-0.7308974,-0.8228214,-0.17279768,0.39183164,0.4921925]}